{
    "Name": "Calamity Texture Pack",
    "Author": "Niorin",
    "Description": "Brings to your world the look and feel of the Calamity Mod.\n\nSpriters, Testers and Contributors: Ada, Aleksh, Aloevera, Altalyra, Beg, Ben / TK, Blanc, Cen, Chillynuts, Cooper, Daddy, Darkpuppey, Enreden, Felipe350, GramofSalt, Grimalinde, IbanPlay, JaceDaDorito, LordMetarex, MarieArk, Nao, Niorin, Nitro, Potat, Runefield, Seasalt, Shucks, Skeletony, Sok, Swamon3, Tinymanx, V1tell, Vaikyia and Xelo.\n\nThank you to all others who have helped and contributed to this pack!",
    "Version": {
        "major": 1,
        "minor": 42
    }
}
